"","row","col"
"1",10,31
"2",30,58
"3",15,89
"4",98,99
"5",5,100
"6",119,120
"7",142,144
"8",68,145
"9",24,172
"10",14,192
"11",26,209
"12",44,214
"13",1,223
"14",28,225
"15",226,227
"16",9,231
"17",237,238
"18",99,246
"19",260,261
"20",287,288
"21",54,315
"22",370,371
"23",139,405
"24",142,422
"25",144,422
"26",147,426
"27",12,428
"28",443,444
"29",151,455
"30",72,457
"31",36,460
"32",36,462
"33",460,462
"34",219,473
"35",304,500
"36",75,568
"37",75,569
"38",715,716
"39",40,741
"40",40,742
"41",741,742
"42",40,746
"43",741,746
"44",742,746
"45",13,750
"46",760,761
"47",760,765
"48",761,765
"49",771,772
"50",160,831
"51",830,831
"52",834,836
"53",863,864
"54",875,876
"55",875,878
"56",877,878
"57",930,932
"58",979,980
"59",168,1020
"60",1021,1022
"61",1021,1025
"62",1022,1025
"63",168,1026
"64",1020,1026
"65",1045,1046
"66",24,1087
"67",172,1087
"68",1089,1090
"69",172,1095
"70",1087,1095
"71",1136,1137
"72",1136,1138
"73",176,1143
"74",1144,1145
"75",1181,1182
"76",79,1186
"77",79,1189
"78",1186,1189
"79",79,1192
"80",178,1195
"81",181,1234
"82",182,1243
"83",184,1255
"84",182,1256
"85",185,1266
"86",1374,1375
"87",1414,1415
"88",1418,1420
"89",1458,1459
"90",191,1509
"91",14,1535
"92",1589,1592
"93",1660,1661
"94",201,1697
"95",1700,1701
"96",1725,1727
"97",1759,1760
"98",1763,1764
"99",1763,1765
"100",1764,1765
"101",204,1780
"102",1815,1816
"103",1813,1820
"104",1813,1822
"105",1820,1822
"106",206,1825
"107",1875,1877
"108",1894,1895
"109",26,1998
"110",209,1998
"111",1997,2001
"112",26,2002
"113",209,2002
"114",1998,2002
"115",1999,2003
"116",211,2011
"117",2011,2014
"118",211,2015
"119",2014,2015
"120",212,2018
"121",213,2021
"122",86,2081
"123",44,2094
"124",214,2094
"125",215,2095
"126",216,2103
"127",217,2113
"128",219,2186
"129",473,2186
"130",232,2200
"131",15,2203
"132",89,2203
"133",88,2206
"134",221,2219
"135",27,2227
"136",222,2228
"137",27,2229
"138",1,2271
"139",223,2271
"140",1,2272
"141",223,2272
"142",2271,2272
"143",225,2295
"144",224,2301
"145",28,2304
"146",225,2304
"147",2295,2304
"148",2300,2305
"149",224,2310
"150",2313,2314
"151",229,2366
"152",2368,2369
"153",2374,2375
"154",2375,2377
"155",228,2384
"156",29,2429
"157",2489,2490
"158",2551,2552
"159",4,2585
"160",239,2588
"161",2587,2588
"162",4,2590
"163",2585,2590
"164",2586,2594
"165",4,2596
"166",2627,2628
"167",2631,2632
"168",2654,2655
"169",2658,2659
"170",2673,2675
"171",2692,2694
"172",2760,2761
"173",2765,2767
"174",96,2786
"175",96,2787
"176",2786,2787
"177",97,2792
"178",97,2793
"179",245,2793
"180",2793,2794
"181",97,2795
"182",245,2795
"183",99,2816
"184",98,2817
"185",99,2817
"186",2845,2846
"187",2868,2869
"188",2891,2895
"189",5,2982
"190",100,2982
"191",251,2986
"192",252,3004
"193",256,3082
"194",257,3086
"195",3123,3124
"196",101,3142
"197",101,3143
"198",3142,3143
"199",3177,3178
"200",3178,3179
"201",3215,3216
"202",3215,3217
"203",3216,3217
"204",3232,3234
"205",3233,3234
"206",271,3260
"207",3272,3274
"208",3373,3376
"209",3375,3376
"210",3373,3377
"211",3375,3377
"212",3376,3377
"213",105,3379
"214",3385,3386
"215",106,3389
"216",3371,3389
"217",107,3392
"218",275,3393
"219",276,3394
"220",3500,3501
"221",282,3514
"222",479,3515
"223",3671,3672
"224",287,3676
"225",288,3676
"226",3682,3683
"227",3684,3686
"228",3685,3686
"229",3684,3687
"230",3686,3687
"231",287,3689
"232",288,3689
"233",3676,3689
"234",3690,3691
"235",3690,3693
"236",289,3697
"237",289,3698
"238",3697,3698
"239",289,3700
"240",3697,3700
"241",3698,3700
"242",3745,3746
"243",3764,3765
"244",295,3777
"245",111,3803
"246",3802,3804
"247",3804,3805
"248",3806,3807
"249",112,3859
"250",3858,3859
"251",52,3871
"252",3871,3872
"253",3875,3876
"254",52,3880
"255",3871,3880
"256",3872,3880
"257",3924,3925
"258",3983,3989
"259",4042,4043
"260",4058,4059
"261",53,4132
"262",53,4133
"263",4132,4133
"264",306,4146
"265",306,4151
"266",4146,4151
"267",4156,4157
"268",4159,4160
"269",4196,4197
"270",308,4199
"271",4238,4240
"272",311,4308
"273",4308,4309
"274",54,4362
"275",315,4362
"276",4364,4366
"277",4387,4388
"278",1038,4417
"279",4555,4556
"280",4560,4561
"281",4572,4573
"282",4571,4576
"283",4601,4603
"284",4614,4615
"285",4626,4628
"286",4637,4638
"287",4662,4663
"288",115,4666
"289",4675,4676
"290",116,4680
"291",4682,4683
"292",116,4684
"293",325,4686
"294",325,4687
"295",4686,4687
"296",4707,4708
"297",117,4780
"298",482,4828
"299",4880,4881
"300",30,4897
"301",58,4897
"302",118,4905
"303",333,4920
"304",4898,4932
"305",31,4934
"306",10,4935
"307",31,4935
"308",10,4936
"309",31,4936
"310",4934,4936
"311",4967,4968
"312",4971,4972
"313",122,4974
"314",5005,5007
"315",5088,5090
"316",5088,5091
"317",5089,5091
"318",5090,5091
"319",5142,5143
"320",346,5182
"321",5182,5183
"322",5269,5270
"323",125,5321
"324",125,5322
"325",5321,5322
"326",5323,5324
"327",5326,5327
"328",5415,5416
"329",5448,5449
"330",5480,5481
"331",354,5498
"332",5541,5542
"333",133,5601
"334",362,5615
"335",5616,5618
"336",362,5619
"337",5634,5635
"338",5669,5670
"339",5687,5688
"340",5691,5692
"341",5888,5891
"342",370,5895
"343",371,5895
"344",370,5896
"345",371,5896
"346",5895,5896
"347",369,5897
"348",5909,5910
"349",5911,5913
"350",372,5915
"351",372,5916
"352",373,5918
"353",5918,5919
"354",372,5921
"355",5915,5921
"356",5920,5921
"357",372,5922
"358",5915,5922
"359",5916,5922
"360",5921,5922
"361",372,5923
"362",5916,5923
"363",5921,5923
"364",5922,5923
"365",372,5927
"366",2,5971
"367",2,5972
"368",5971,5972
"369",5973,5974
"370",2,5976
"371",5971,5976
"372",5972,5976
"373",5997,5998
"374",5999,6000
"375",62,6081
"376",6082,6083
"377",6082,6084
"378",6083,6084
"379",6108,6109
"380",6174,6175
"381",377,6187
"382",6206,6208
"383",6234,6235
"384",21,6246
"385",21,6249
"386",21,6251
"387",6246,6251
"388",22,6252
"389",383,6286
"390",6349,6350
"391",386,6356
"392",6356,6357
"393",6371,6372
"394",7,6383
"395",7,6385
"396",6383,6385
"397",7,6386
"398",6383,6386
"399",6385,6386
"400",6389,6390
"401",63,6433
"402",63,6434
"403",6433,6434
"404",63,6435
"405",6433,6435
"406",6434,6435
"407",63,6436
"408",6433,6436
"409",6434,6436
"410",6435,6436
"411",63,6437
"412",6433,6437
"413",6434,6437
"414",6435,6437
"415",6436,6437
"416",389,6444
"417",390,6447
"418",64,6481
"419",6480,6481
"420",8,6597
"421",398,6628
"422",398,6630
"423",6628,6630
"424",6634,6635
"425",6683,6684
"426",401,6725
"427",6727,6729
"428",6728,6729
"429",65,6730
"430",11,6743
"431",403,6748
"432",404,6806
"433",6818,6819
"434",140,6837
"435",140,6838
"436",6837,6838
"437",6845,6846
"438",6833,6847
"439",6833,6849
"440",6847,6849
"441",6847,6854
"442",6879,6882
"443",6932,6933
"444",6968,6969
"445",6975,6976
"446",415,6983
"447",415,6984
"448",6983,6984
"449",415,6987
"450",416,6987
"451",7009,7010
"452",7056,7057
"453",7096,7097
"454",7097,7099
"455",33,7104
"456",141,7148
"457",7171,7172
"458",421,7207
"459",421,7208
"460",7207,7208
"461",7235,7236
"462",7242,7243
"463",142,7261
"464",144,7261
"465",422,7261
"466",142,7262
"467",144,7262
"468",422,7262
"469",7261,7262
"470",143,7263
"471",142,7266
"472",144,7266
"473",422,7266
"474",7262,7266
"475",143,7267
"476",7263,7267
"477",142,7268
"478",144,7268
"479",422,7268
"480",7261,7268
"481",7262,7268
"482",142,7270
"483",144,7270
"484",7266,7270
"485",7268,7274
"486",67,7299
"487",7328,7329
"488",7328,7330
"489",7329,7330
"490",7329,7332
"491",7330,7332
"492",146,7455
"493",146,7456
"494",7455,7456
"495",7457,7458
"496",147,7460
"497",426,7460
"498",7028,7501
"499",12,7546
"500",428,7546
"501",12,7547
"502",428,7547
"503",7546,7547
"504",428,7548
"505",7546,7548
"506",12,7550
"507",428,7550
"508",7546,7550
"509",7547,7550
"510",69,7564
"511",70,7579
"512",7580,7581
"513",7602,7603
"514",7720,7721
"515",7719,7723
"516",7727,7728
"517",7752,7753
"518",433,7756
"519",434,7771
"520",435,7773
"521",149,7842
"522",149,7844
"523",7842,7844
"524",439,7862
"525",9,7880
"526",7886,7888
"527",7920,7922
"528",441,7965
"529",7997,7998
"530",8044,8045
"531",8116,8117
"532",8136,8137
"533",35,8142
"534",151,8148
"535",8156,8157
"536",8160,8161
"537",8164,8165
"538",8175,8176
"539",152,8177
"540",461,8186
"541",36,8189
"542",462,8189
"543",8189,8190
"544",8218,8219
"545",37,8236
"546",37,8237
"547",8236,8237
"548",37,8239
"549",8236,8239
"550",8237,8239
"551",37,8242
"552",73,8247
"553",6668,8298
"554",8323,8324
"555",8351,8352
"556",8363,8364
"557",8390,8393
"558",8422,8423
"559",8474,8475
"560",4202,8477
"561",8554,8555
